{
    "name": "root",
    "gauges": {
        "EatFood.Policy.Entropy.mean": {
            "value": 1.412176489830017,
            "min": 1.412176489830017,
            "max": 1.41629159450531,
            "count": 9
        },
        "EatFood.Policy.Entropy.sum": {
            "value": 69703.6171875,
            "min": 69703.6171875,
            "max": 74379.109375,
            "count": 9
        },
        "EatFood.Step.mean": {
            "value": 449961.0,
            "min": 49950.0,
            "max": 449961.0,
            "count": 9
        },
        "EatFood.Step.sum": {
            "value": 449961.0,
            "min": 49950.0,
            "max": 449961.0,
            "count": 9
        },
        "EatFood.Policy.ExtrinsicValueEstimate.mean": {
            "value": 147.05810546875,
            "min": 2.9205105304718018,
            "max": 147.05810546875,
            "count": 9
        },
        "EatFood.Policy.ExtrinsicValueEstimate.sum": {
            "value": 118528.828125,
            "min": 2315.96484375,
            "max": 118528.828125,
            "count": 9
        },
        "EatFood.Environment.EpisodeLength.mean": {
            "value": 601.6601941747573,
            "min": 588.4375,
            "max": 611.12,
            "count": 9
        },
        "EatFood.Environment.EpisodeLength.sum": {
            "value": 61971.0,
            "min": 31849.0,
            "max": 61971.0,
            "count": 9
        },
        "EatFood.Environment.CumulativeReward.mean": {
            "value": 1161.9564752205122,
            "min": 86.77480432833984,
            "max": 1482.3886918552316,
            "count": 9
        },
        "EatFood.Environment.CumulativeReward.sum": {
            "value": 119681.51694771275,
            "min": 4599.064629402012,
            "max": 119681.51694771275,
            "count": 9
        },
        "EatFood.Policy.ExtrinsicReward.mean": {
            "value": 1161.9564752205122,
            "min": 86.77480432833984,
            "max": 1482.3886918552316,
            "count": 9
        },
        "EatFood.Policy.ExtrinsicReward.sum": {
            "value": 119681.51694771275,
            "min": 4599.064629402012,
            "max": 119681.51694771275,
            "count": 9
        },
        "EatFood.Losses.PolicyLoss.mean": {
            "value": 0.02317680441774428,
            "min": 0.021477296663344733,
            "max": 0.02485148954995428,
            "count": 9
        },
        "EatFood.Losses.PolicyLoss.sum": {
            "value": 0.1158840220887214,
            "min": 0.0716567643649989,
            "max": 0.1242574477497714,
            "count": 9
        },
        "EatFood.Losses.ValueLoss.mean": {
            "value": 31435.70311996922,
            "min": 3103.867357648984,
            "max": 43368.48137872869,
            "count": 9
        },
        "EatFood.Losses.ValueLoss.sum": {
            "value": 157178.5155998461,
            "min": 9311.602072946953,
            "max": 173473.92551491476,
            "count": 9
        },
        "EatFood.Policy.LearningRate.mean": {
            "value": 4.3248805583759995e-05,
            "min": 4.3248805583759995e-05,
            "max": 0.0002848052050649333,
            "count": 9
        },
        "EatFood.Policy.LearningRate.sum": {
            "value": 0.0002162440279188,
            "min": 0.0002162440279188,
            "max": 0.0012813462728846,
            "count": 9
        },
        "EatFood.Policy.Epsilon.mean": {
            "value": 0.11441624000000002,
            "min": 0.11441624000000002,
            "max": 0.19493506666666668,
            "count": 9
        },
        "EatFood.Policy.Epsilon.sum": {
            "value": 0.5720812000000001,
            "min": 0.5720812000000001,
            "max": 0.9271154000000001,
            "count": 9
        },
        "EatFood.Policy.Beta.mean": {
            "value": 0.0007293703760000001,
            "min": 0.0007293703760000001,
            "max": 0.004747259826666667,
            "count": 9
        },
        "EatFood.Policy.Beta.sum": {
            "value": 0.003646851880000001,
            "min": 0.003646851880000001,
            "max": 0.02136305846,
            "count": 9
        },
        "EatFood.IsTraining.mean": {
            "value": 1.0,
            "min": 1.0,
            "max": 1.0,
            "count": 9
        },
        "EatFood.IsTraining.sum": {
            "value": 1.0,
            "min": 1.0,
            "max": 1.0,
            "count": 9
        },
        "EatPrey.Policy.Entropy.mean": {
            "value": 1.4235790967941284,
            "min": 1.4235790967941284,
            "max": 1.4235790967941284,
            "count": 1
        },
        "EatPrey.Policy.Entropy.sum": {
            "value": 71449.4375,
            "min": 71449.4375,
            "max": 71449.4375,
            "count": 1
        },
        "EatPrey.Step.mean": {
            "value": 49997.0,
            "min": 49997.0,
            "max": 49997.0,
            "count": 1
        },
        "EatPrey.Step.sum": {
            "value": 49997.0,
            "min": 49997.0,
            "max": 49997.0,
            "count": 1
        },
        "EatPrey.Policy.ExtrinsicValueEstimate.mean": {
            "value": 0.6544232368469238,
            "min": 0.6544232368469238,
            "max": 0.6544232368469238,
            "count": 1
        },
        "EatPrey.Policy.ExtrinsicValueEstimate.sum": {
            "value": 520.2664794921875,
            "min": 520.2664794921875,
            "max": 520.2664794921875,
            "count": 1
        },
        "EatPrey.Environment.EpisodeLength.mean": {
            "value": 909.0185185185185,
            "min": 909.0185185185185,
            "max": 909.0185185185185,
            "count": 1
        },
        "EatPrey.Environment.EpisodeLength.sum": {
            "value": 49087.0,
            "min": 49087.0,
            "max": 49087.0,
            "count": 1
        },
        "EatPrey.Environment.CumulativeReward.mean": {
            "value": 143.0543596422616,
            "min": 143.0543596422616,
            "max": 143.0543596422616,
            "count": 1
        },
        "EatPrey.Environment.CumulativeReward.sum": {
            "value": 7581.881061039865,
            "min": 7581.881061039865,
            "max": 7581.881061039865,
            "count": 1
        },
        "EatPrey.Policy.ExtrinsicReward.mean": {
            "value": 143.0543596422616,
            "min": 143.0543596422616,
            "max": 143.0543596422616,
            "count": 1
        },
        "EatPrey.Policy.ExtrinsicReward.sum": {
            "value": 7581.881061039865,
            "min": 7581.881061039865,
            "max": 7581.881061039865,
            "count": 1
        },
        "EatPrey.Losses.PolicyLoss.mean": {
            "value": 0.024894554878119382,
            "min": 0.024894554878119382,
            "max": 0.024894554878119382,
            "count": 1
        },
        "EatPrey.Losses.PolicyLoss.sum": {
            "value": 0.09957821951247753,
            "min": 0.09957821951247753,
            "max": 0.09957821951247753,
            "count": 1
        },
        "EatPrey.Losses.ValueLoss.mean": {
            "value": 95.30407136281332,
            "min": 95.30407136281332,
            "max": 95.30407136281332,
            "count": 1
        },
        "EatPrey.Losses.ValueLoss.sum": {
            "value": 381.21628545125327,
            "min": 381.21628545125327,
            "max": 381.21628545125327,
            "count": 1
        },
        "EatPrey.Policy.LearningRate.mean": {
            "value": 0.0002845878051374,
            "min": 0.0002845878051374,
            "max": 0.0002845878051374,
            "count": 1
        },
        "EatPrey.Policy.LearningRate.sum": {
            "value": 0.0011383512205496,
            "min": 0.0011383512205496,
            "max": 0.0011383512205496,
            "count": 1
        },