{"count":1,"self":18.8440256,"total":114.67822389999999,"children":{"InitializeActuators":{"count":56,"self":0.0030012999999999997,"total":0.0030012999999999997,"children":null},"InitializeSensors":{"count":56,"self":0.0040024,"total":0.0040024,"children":null},"AgentSendState":{"count":16051,"self":4.8738576,"total":7.2678661999999994,"children":{"CollectObservations":{"count":125163,"self":0.11244689999999999,"total":0.11244689999999999,"children":null},"WriteActionMask":{"count":125163,"self":0.0460859,"total":0.0460859,"children":null},"RequestDecision":{"count":125163,"self":0.22224819999999998,"total":2.235476,"children":{"AgentInfo.ToProto":{"count":125163,"self":0.1571294,"total":2.0132278,"children":{"GenerateSensorData":{"count":125163,"self":1.6376184999999999,"total":1.8560983999999998,"children":{"RayPerceptionSensor.Perceive":{"count":125163,"self":0.21847989999999998,"total":0.21847989999999998,"children":null}}}}}}}}},"DecideAction":{"count":16051,"self":87.1080192,"total":87.108017699999991,"children":null},"AgentAct":{"count":16051,"self":1.4472907,"total":1.4503108999999998,"children":{"AgentInfo.ToProto":{"count":173,"self":0,"total":0.0020093,"children":{"GenerateSensorData":{"count":173,"self":0.0020093,"total":0.0020093,"children":{"RayPerceptionSensor.Perceive":{"count":173,"self":0,"total":0,"children":null}}}}},"InitializeActuators":{"count":9,"self":0,"total":0,"children":null},"InitializeSensors":{"count":9,"self":0.0010109,"total":0.0010109,"children":null}}}},"gauges":{"EatPrey.CumulativeReward":{"count":18,"max":239.008179,"min":-0.8193651,"runningAverage":51.9186478,"value":159.060349,"weightedAverage":88.18357},"EatFood.CumulativeReward":{"count":155,"max":5604.88867,"min":-11.001358,"runningAverage":418.6088,"value":8.998642,"weightedAverage":817.4915}},"metadata":{"timer_format_version":"0.1.0","start_time_seconds":"1641631568","unity_version":"2020.3.21f1","command_line_arguments":"C:\\Program Files\\Unity\\Hub\\Editor\\2020.3.21f1\\Editor\\Unity.exe -projectpath C:\/unityProjects\/AI_cell_battle -useHub -hubIPC -cloudEnvironment production -hubSessionId d6777c80-6edf-11ec-9bf8-91bc5e2e9dbf -accessToken pfdrq9nN3YeW6mWgcAw5iOevDrT2dH11i3CnzuE19SE011f","communication_protocol_version":"1.5.0","com.unity.ml-agents_version":"2.0.1","scene_name":"SampleScene","end_time_seconds":"1641631683"}}