{"count":1,"self":88.0358528,"total":100.94156199999999,"children":{"InitializeActuators":{"count":101,"self":0.0020039999999999997,"total":0.0020039999999999997,"children":null},"InitializeSensors":{"count":101,"self":0.0059717,"total":0.0059717,"children":null},"AgentSendState":{"count":27304,"self":6.2699596,"total":6.5785621999999995,"children":{"CollectObservations":{"count":97902,"self":0.13204849999999999,"total":0.13204849999999999,"children":null},"WriteActionMask":{"count":97902,"self":0.044029,"total":0.044029,"children":null},"RequestDecision":{"count":97902,"self":0.13252519999999998,"total":0.13252519999999998,"children":null}}},"DecideAction":{"count":27304,"self":5.6737592,"total":6.0270434999999996,"children":{"RayPerceptionSensor.Perceive":{"count":195804,"self":0.3532843,"total":0.3532843,"children":null}}},"AgentAct":{"count":27304,"self":0.2851121,"total":0.29112499999999997,"children":{"InitializeActuators":{"count":114,"self":0.0010015,"total":0.0010015,"children":null},"InitializeSensors":{"count":114,"self":0.0050114,"total":0.0050114,"children":null}}}},"gauges":{"EatPrey.CumulativeReward":{"count":15,"max":112.753242,"min":-15.2776,"runningAverage":36.30218,"value":20.40751,"weightedAverage":38.32319}},"metadata":{"timer_format_version":"0.1.0","start_time_seconds":"1641791191","unity_version":"2020.3.21f1","command_line_arguments":"C:\\Program Files\\Unity\\Hub\\Editor\\2020.3.21f1\\Editor\\Unity.exe -projectpath C:\/unityProjects\/AI_cell_battle -useHub -hubIPC -cloudEnvironment production -hubSessionId 12123700-70c3-11ec-8f6f-23813c07f7d4 -accessToken CZjiM1b0tBWx-CD2MFRPo3D4zCyoAPSSQokslixrfKM011f","communication_protocol_version":"1.5.0","com.unity.ml-agents_version":"2.0.1","scene_name":"SampleScene","end_time_seconds":"1641791292"}}