{"count":1,"self":138.7257984,"total":599.2761491,"children":{"InitializeActuators":{"count":24,"self":0.001,"total":0.001,"children":null},"InitializeSensors":{"count":24,"self":0.0039923,"total":0.0039923,"children":null},"AgentSendState":{"count":166867,"self":59.2423296,"total":71.11582469999999,"children":{"CollectObservations":{"count":500616,"self":0.4696726,"total":0.4696726,"children":null},"WriteActionMask":{"count":500616,"self":0.1679377,"total":0.1679377,"children":null},"RequestDecision":{"count":500616,"self":0.90445579999999992,"total":11.235882499999999,"children":{"AgentInfo.ToProto":{"count":500616,"self":0.93738159999999993,"total":10.3314267,"children":{"GenerateSensorData":{"count":500616,"self":8.0572536,"total":9.3940451,"children":{"RayPerceptionSensor.Perceive":{"count":500616,"self":1.3367916,"total":1.3367916,"children":null}}}}}}}}},"DecideAction":{"count":166867,"self":385.20576,"total":385.20575909999997,"children":null},"AgentAct":{"count":166867,"self":4.087028,"total":4.2058434,"children":{"AgentInfo.ToProto":{"count":2529,"self":0.013010599999999999,"total":0.1188153,"children":{"GenerateSensorData":{"count":2529,"self":0.093800299999999989,"total":0.1058047,"children":{"RayPerceptionSensor.Perceive":{"count":2529,"self":0.0120044,"total":0.0120044,"children":null}}}}}}},"AgentInfo.ToProto":{"count":259,"self":0.0009953,"total":0.014932099999999998,"children":{"GenerateSensorData":{"count":259,"self":0.010954199999999999,"total":0.0139368,"children":{"RayPerceptionSensor.Perceive":{"count":259,"self":0.0029825999999999997,"total":0.0029825999999999997,"children":null}}}}}},"gauges":{"EatOther.CumulativeReward":{"count":2788,"max":13002.999,"min":-204.203583,"runningAverage":429.759064,"value":-15.205121,"weightedAverage":49.4006157}},"metadata":{"timer_format_version":"0.1.0","start_time_seconds":"1641597455","unity_version":"2020.3.21f1","command_line_arguments":"C:\\Program Files\\Unity\\Hub\\Editor\\2020.3.21f1\\Editor\\Unity.exe -projectpath C:\/unityProjects\/AI_cell_battle -useHub -hubIPC -cloudEnvironment production -hubSessionId d6777c80-6edf-11ec-9bf8-91bc5e2e9dbf -accessToken WdeeIHP2R9asWXHgsjMX2F10xwSr5gFS-7ae_OMkE60011f","communication_protocol_version":"1.5.0","com.unity.ml-agents_version":"2.0.1","scene_name":"SampleScene","end_time_seconds":"1641598054"}}