{"count":1,"self":77.184307199999992,"total":471.62918909999996,"children":{"InitializeActuators":{"count":56,"self":0.0020082999999999998,"total":0.0020082999999999998,"children":null},"InitializeSensors":{"count":56,"self":0.0030195,"total":0.0030195,"children":null},"AgentSendState":{"count":48784,"self":25.2625504,"total":36.521609999999995,"children":{"CollectObservations":{"count":548211,"self":0.75701029999999991,"total":0.75701029999999991,"children":null},"WriteActionMask":{"count":548211,"self":0.22932819999999998,"total":0.22932819999999998,"children":null},"RequestDecision":{"count":548211,"self":1.0237243,"total":10.2727215,"children":{"AgentInfo.ToProto":{"count":548211,"self":0.7969503,"total":9.2489972,"children":{"GenerateSensorData":{"count":548211,"self":7.5146472,"total":8.4520469,"children":{"RayPerceptionSensor.Perceive":{"count":548211,"self":0.9373994,"total":0.9373994,"children":null}}}}}}}}},"DecideAction":{"count":48784,"self":350.54074879999996,"total":350.5407401,"children":null},"AgentAct":{"count":48784,"self":7.3474032,"total":7.3765038,"children":{"AgentInfo.ToProto":{"count":794,"self":0.0020033,"total":0.024097399999999998,"children":{"GenerateSensorData":{"count":794,"self":0.0180805,"total":0.0220941,"children":{"RayPerceptionSensor.Perceive":{"count":794,"self":0.0040136,"total":0.0040136,"children":null}}}}},"InitializeActuators":{"count":92,"self":0,"total":0,"children":null},"InitializeSensors":{"count":92,"self":0.0050035999999999995,"total":0.0050035999999999995,"children":null}}}},"gauges":{"EatFood.CumulativeReward":{"count":734,"max":28855.4746,"min":-21.001358,"runningAverage":888.463562,"value":3222.589,"weightedAverage":1252.76758},"EatPrey.CumulativeReward":{"count":60,"max":948.9948,"min":-10.8205128,"runningAverage":168.753113,"value":239.008179,"weightedAverage":244.2507}},"metadata":{"timer_format_version":"0.1.0","start_time_seconds":"1641632095","unity_version":"2020.3.21f1","command_line_arguments":"C:\\Program Files\\Unity\\Hub\\Editor\\2020.3.21f1\\Editor\\Unity.exe -projectpath C:\/unityProjects\/AI_cell_battle -useHub -hubIPC -cloudEnvironment production -hubSessionId d6777c80-6edf-11ec-9bf8-91bc5e2e9dbf -accessToken pfdrq9nN3YeW6mWgcAw5iOevDrT2dH11i3CnzuE19SE011f","communication_protocol_version":"1.5.0","com.unity.ml-agents_version":"2.0.1","scene_name":"SampleScene","end_time_seconds":"1641632567"}}