{
    "name": "root",
    "gauges": {
        "EatOther.Policy.Entropy.mean": {
            "value": 1.4335137605667114,
            "min": 1.4210950136184692,
            "max": 1.4335137605667114,
            "count": 3
        },
        "EatOther.Policy.Entropy.sum": {
            "value": 71763.1328125,
            "min": 71253.71875,
            "max": 72578.1640625,
            "count": 3
        },
        "EatOther.Environment.EpisodeLength.mean": {
            "value": 146.93491124260356,
            "min": 122.55725190839695,
            "max": 146.93491124260356,
            "count": 3
        },
        "EatOther.Environment.EpisodeLength.sum": {
            "value": 49664.0,
            "min": 48165.0,
            "max": 49664.0,
            "count": 3
        },
        "EatOther.Step.mean": {
            "value": 149949.0,
            "min": 49966.0,
            "max": 149949.0,
            "count": 3
        },
        "EatOther.Step.sum": {
            "value": 149949.0,
            "min": 49966.0,
            "max": 149949.0,
            "count": 3
        },
        "EatOther.Policy.ExtrinsicValueEstimate.mean": {
            "value": 336.9631652832031,
            "min": 13.236068725585938,
            "max": 336.9631652832031,
            "count": 3
        },
        "EatOther.Policy.ExtrinsicValueEstimate.sum": {
            "value": 310006.125,
            "min": 12786.0419921875,
            "max": 310006.125,
            "count": 3
        },
        "EatOther.Environment.CumulativeReward.mean": {
            "value": 1758.7043321090462,
            "min": 1392.2235094220887,
            "max": 1823.7339573316676,
            "count": 3
        },
        "EatOther.Environment.CumulativeReward.sum": {
            "value": 596200.7685849667,
            "min": 547143.8392028809,
            "max": 678429.0321273804,
            "count": 3
        },
        "EatOther.Policy.ExtrinsicReward.mean": {
            "value": 1758.7043321090462,
            "min": 1392.2235094220887,
            "max": 1823.7339573316676,
            "count": 3
        },
        "EatOther.Policy.ExtrinsicReward.sum": {
            "value": 596200.7685849667,
            "min": 547143.8392028809,
            "max": 678429.0321273804,
            "count": 3
        },
        "EatOther.Losses.PolicyLoss.mean": {
            "value": 0.027229651917393006,
            "min": 0.023766831603522103,
            "max": 0.027229651917393006,
            "count": 3
        },
        "EatOther.Losses.PolicyLoss.sum": {
            "value": 0.13614825958696503,
            "min": 0.09506732641408841,
            "max": 0.13614825958696503,
            "count": 3
        },
        "EatOther.Losses.ValueLoss.mean": {
            "value": 139845.44760416666,
            "min": 119707.68600260417,
            "max": 139845.44760416666,
            "count": 3
        },
        "EatOther.Losses.ValueLoss.sum": {
            "value": 699227.2380208333,
            "min": 478830.7440104167,
            "max": 699227.2380208333,
            "count": 3
        },
        "EatOther.Policy.LearningRate.mean": {
            "value": 0.00022596674467776002,
            "min": 0.00022596674467776002,
            "max": 0.00028453665515444995,
            "count": 3
        },
        "EatOther.Policy.LearningRate.sum": {
            "value": 0.0011298337233888,
            "min": 0.0011298337233888,
            "max": 0.0012839868720043999,
            "count": 3
        },
        "EatOther.Policy.Epsilon.mean": {
            "value": 0.17532223999999996,
            "min": 0.17532223999999996,
            "max": 0.19484554999999998,
            "count": 3
        },
        "EatOther.Policy.Epsilon.sum": {
            "value": 0.8766111999999998,
            "min": 0.7793821999999999,
            "max": 0.9279955999999999,
            "count": 3
        },
        "EatOther.Policy.Beta.mean": {
            "value": 0.003768579776,
            "min": 0.003768579776,
            "max": 0.004742792944999999,
            "count": 3
        },
        "EatOther.Policy.Beta.sum": {
            "value": 0.01884289888,
            "min": 0.01884289888,
            "max": 0.02140698044,
            "count": 3
        },
        "EatOther.IsTraining.mean": {
            "value": 1.0,
            "min": 1.0,
            "max": 1.0,
            "count": 3
        },
        "EatOther.IsTraining.sum": {
            "value": 1.0,
            "min": 1.0,
            "max": 1.0,
            "count": 3
        }
    },
    "metadata": {
        "timer_format_version": "0.1.0",
        "start_time_seconds": "1640589492",
        "python_version": "3.9.6 (tags/v3.9.6:db3ff76, Jun 28 2021, 15:26:21) [MSC v.1929 64 bit (AMD64)]",
        "command_line_arguments": "C:\\unityProjects\\AI_cell_battle\\venv\\Scripts\\mlagents-learn --force",
        "mlagents_version": "0.27.0",
        "mlagents_envs_version": "0.27.0",
        "communication_protocol_version": "1.5.0",
        "pytorch_version": "1.7.1+cu110",
        "numpy_version": "1.21.5",
        "end_time_seconds": "1640589656"
    },
    "total": 163.4467996,
    "count": 1,
    "self": 0.007633699999985311,
    "children": {
        "run_training.setup": {
            "total": 0.03890170000000004,
            "count": 1,
            "self": 0.03890170000000004
        },
        "TrainerController.start_learning": {
            "total": 163.4002642,
            "count": 1,
            "self": 0.1391152999993892,
            "children": {
                "TrainerController._reset_env": {
                    "total": 9.018014,
                    "count": 1,
                    "self": 9.018014
                },
                "TrainerController.advance": {
                    "total": 154.14397610000063,
                    "count": 5644,
                    "self": 0.12225910000103113,
                    "children": {
                        "env_step": {
                            "total": 104.10708119999924,
                            "count": 5644,
                            "self": 90.03078700000061,
                            "children": {
                                "SubprocessEnvManager._take_step": {
                                    "total": 13.995733799998986,
                                    "count": 5644,
                                    "self": 0.5066728999983479,
                                    "children": {
                                        "TorchPolicy.evaluate": {
                                            "total": 13.489060900000638,
                                            "count": 4767,
                                            "self": 5.881734000001542,
                                            "children": {
                                                "TorchPolicy.sample_actions": {
                                                    "total": 7.607326899999096,
                                                    "count": 4767,
                                                    "self": 7.607326899999096
                                                }
                                            }
                                        }
                                    }
                                },
                                "workers": {
                                    "total": 0.08056039999964781,
                                    "count": 5643,
                                    "self": 0.0,
                                    "children": {
                                        "worker_root": {
                                            "total": 156.01746429999952,
                                            "count": 5643,
                                            "is_parallel": true,
                                            "self": 76.7162888999979,