{
    "name": "root",
    "metadata": {
        "timer_format_version": "0.1.0",
        "start_time_seconds": "1641627661",
        "python_version": "3.9.6 (tags/v3.9.6:db3ff76, Jun 28 2021, 15:26:21) [MSC v.1929 64 bit (AMD64)]",
        "command_line_arguments": "C:\\unityProjects\\AI_cell_battle\\venv\\Scripts\\mlagents-learn --force",
        "mlagents_version": "0.27.0",
        "mlagents_envs_version": "0.27.0",
        "communication_protocol_version": "1.5.0",
        "pytorch_version": "1.7.1+cu110",
        "numpy_version": "1.21.5",
        "end_time_seconds": "1641627793"
    },
    "total": 131.7183351,
    "count": 1,
    "self": 0.008125999999975875,
    "children": {
        "run_training.setup": {
            "total": 0.03069970000000022,
            "count": 1,
            "self": 0.03069970000000022
        },
        "TrainerController.start_learning": {
            "total": 131.6795094,
            "count": 1,
            "self": 0.10795360000008714,
            "children": {
                "TrainerController._reset_env": {
                    "total": 7.4433124,
                    "count": 1,
                    "self": 7.4433124
                },
                "TrainerController.advance": {
                    "total": 123.97723709999993,
                    "count": 4740,
                    "self": 0.11303669999965393,
                    "children": {
                        "env_step": {
                            "total": 100.96116379999968,
                            "count": 4740,
                            "self": 86.15158829999935,
                            "children": {
                                "SubprocessEnvManager._take_step": {
                                    "total": 14.741357100000082,
                                    "count": 4740,
                                    "self": 0.4915978000000951,
                                    "children": {
                                        "TorchPolicy.evaluate": {
                                            "total": 14.249759299999987,
                                            "count": 5114,
                                            "self": 6.413690200000472,
                                            "children": {
                                                "TorchPolicy.sample_actions": {
                                                    "total": 7.836069099999515,
                                                    "count": 5114,
                                                    "self": 7.836069099999515
                                                }
                                            }
                                        }
                                    }
                                },
                                "workers": {
                                    "total": 0.06821840000025681,
                                    "count": 4739,
                                    "self": 0.0,
                                    "children": {
                                        "worker_root": {
                                            "total": 124.00281389999982,
                                            "count": 4739,
                                            "is_parallel": true,
                                            "self": 47.9619689999998,
                                            "children": {
                                                "steps_from_proto": {
                                                    "total": 0.0017446000000003181,
                                                    "count": 2,
                                                    "is_parallel": true,
                                                    "self": 0.0002924000000001925,
                                                    "children": {
                                                        "_process_rank_one_or_two_observation": {
                                                            "total": 0.0014522000000001256,
                                                            "count": 8,
                                                            "is_parallel": true,
                                                            "self": 0.0014522000000001256
                                                        }
                                                    }
                                                },
                                                "UnityEnvironment.step": {
                                                    "total": 76.03910030000003,
                                                    "count": 4739,
                                                    "is_parallel": true,
                                                    "self": 2.0838347000002813,
                                                    "children": {
                                                        "UnityEnvironment._generate_step_input": {
                                                            "total": 1.4958780000000278,
                                                            "count": 4739,
                                                            "is_parallel": true,
                                                            "self": 1.4958780000000278
                                                        },
                                                        "communicator.exchange": {
                                                            "total": 67.54474540000035,
                                                            "count": 4739,
                                                            "is_parallel": true,
                                                            "self": 67.54474540000035
                                                        },
                                                        "steps_from_proto": {
                                                            "total": 4.914642199999358,
                                                            "count": 9478,
                                                            "is_parallel": true,
                                                            "self": 1.1616133999998102,
                                                            "children": {
                                                                "_process_rank_one_or_two_observation": {
                                                                    "total": 3.753028799999548,
                                                                    "count": 37912,
                                                                    "is_parallel": true,
                                                                    "self": 3.753028799999548
                                                                }
                                                            }
                                                        }
                                                    }
                                                }
                                            }
                                        }
                                    }
                                }
                            }
                        },
                        "trainer_advance": {
                            "total": 22.903036600000597,
                            "count": 9478,
                            "self": 0.16255880000046474,
                            "children": {
                                "process_trajectory": {
                                    "total": 7.48524340000014,
                                    "count": 9478,
                                    "self": 7.48524340000014
                                },
                                "_update_policy": {
                                    "total": 15.255234399999992,
                                    "count": 6,