{
    "name": "root",
    "metadata": {
        "timer_format_version": "0.1.0",
        "start_time_seconds": "1641626701",
        "python_version": "3.9.6 (tags/v3.9.6:db3ff76, Jun 28 2021, 15:26:21) [MSC v.1929 64 bit (AMD64)]",
        "command_line_arguments": "C:\\unityProjects\\AI_cell_battle\\venv\\Scripts\\mlagents-learn --force",
        "mlagents_version": "0.27.0",
        "mlagents_envs_version": "0.27.0",
        "communication_protocol_version": "1.5.0",
        "pytorch_version": "1.7.1+cu110",
        "numpy_version": "1.21.5",
        "end_time_seconds": "1641626723"
    },
    "total": 21.8731202,
    "count": 1,
    "self": 0.005766200000000055,
    "children": {
        "run_training.setup": {
            "total": 0.028583999999999943,
            "count": 1,
            "self": 0.028583999999999943
        },
        "TrainerController.start_learning": {
            "total": 21.83877,
            "count": 1,
            "self": 0.01085980000003417,
            "children": {
                "TrainerController._reset_env": {
                    "total": 12.7582351,
                    "count": 1,
                    "self": 12.7582351
                },
                "TrainerController.advance": {
                    "total": 8.984263099999966,
                    "count": 515,
                    "self": 0.010134499999921331,
                    "children": {
                        "env_step": {
                            "total": 8.290594200000037,
                            "count": 515,
                            "self": 6.483865500000013,
                            "children": {
                                "SubprocessEnvManager._take_step": {
                                    "total": 1.8001695000000062,
                                    "count": 515,
                                    "self": 0.043627499999999486,
                                    "children": {
                                        "TorchPolicy.evaluate": {
                                            "total": 1.7565420000000067,
                                            "count": 513,
                                            "self": 0.5339670999999981,
                                            "children": {
                                                "TorchPolicy.sample_actions": {
                                                    "total": 1.2225749000000086,
                                                    "count": 513,
                                                    "self": 1.2225749000000086
                                                }
                                            }
                                        }
                                    }
                                },
                                "workers": {
                                    "total": 0.00655920000001764,
                                    "count": 514,
                                    "self": 0.0,
                                    "children": {
                                        "worker_root": {
                                            "total": 10.35545979999998,
                                            "count": 514,
                                            "is_parallel": true,
                                            "self": 4.743353799999962,
                                            "children": {
                                                "steps_from_proto": {
                                                    "total": 0.0007804999999994067,
                                                    "count": 1,
                                                    "is_parallel": true,
                                                    "self": 0.00015910000000118885,
                                                    "children": {
                                                        "_process_rank_one_or_two_observation": {
                                                            "total": 0.0006213999999982178,
                                                            "count": 4,
                                                            "is_parallel": true,
                                                            "self": 0.0006213999999982178
                                                        }
                                                    }
                                                },
                                                "UnityEnvironment.step": {
                                                    "total": 5.611325500000019,
                                                    "count": 514,
                                                    "is_parallel": true,
                                                    "self": 0.16003410000002205,
                                                    "children": {
                                                        "UnityEnvironment._generate_step_input": {
                                                            "total": 0.17876330000002305,
                                                            "count": 514,
                                                            "is_parallel": true,
                                                            "self": 0.17876330000002305
                                                        },
                                                        "communicator.exchange": {
                                                            "total": 4.873475099999968,
                                                            "count": 514,
                                                            "is_parallel": true,
                                                            "self": 4.873475099999968
                                                        },
                                                        "steps_from_proto": {
                                                            "total": 0.39905300000000565,
                                                            "count": 514,
                                                            "is_parallel": true,
                                                            "self": 0.08355749999998885,
                                                            "children": {
                                                                "_process_rank_one_or_two_observation": {
                                                                    "total": 0.3154955000000168,
                                                                    "count": 2056,
                                                                    "is_parallel": true,
                                                                    "self": 0.3154955000000168
                                                                }
                                                            }
                                                        }
                                                    }
                                                }
                                            }
                                        }
                                    }
                                }
                            }
                        },
                        "trainer_advance": {
                            "total": 0.6835344000000081,
                            "count": 514,
                            "self": 0.012214200000014941,
                            "children": {
                                "process_trajectory": {
                                    "total": 0.6713201999999932,
                                    "count": 514,
                                    "self": 0.6713201999999932
                                }
                            }
                        }
                    }
                },