{
    "name": "root",
    "gauges": {
        "EatFood.Policy.Entropy.mean": {
            "value": 1.421562671661377,
            "min": 1.421562671661377,
            "max": 1.421562671661377,
            "count": 1
        },
        "EatFood.Policy.Entropy.sum": {
            "value": 146213.40625,
            "min": 146213.40625,
            "max": 146213.40625,
            "count": 1
        },
        "EatFood.Environment.EpisodeLength.mean": {
            "value": 663.7391304347826,
            "min": 663.7391304347826,
            "max": 663.7391304347826,
            "count": 1
        },
        "EatFood.Environment.EpisodeLength.sum": {
            "value": 15266.0,
            "min": 15266.0,
            "max": 15266.0,
            "count": 1
        },
        "EatFood.Step.mean": {
            "value": 99961.0,
            "min": 99961.0,
            "max": 99961.0,
            "count": 1
        },
        "EatFood.Step.sum": {
            "value": 99961.0,
            "min": 99961.0,
            "max": 99961.0,
            "count": 1
        },
        "EatFood.Policy.ExtrinsicValueEstimate.mean": {
            "value": 17.6907958984375,
            "min": 17.6907958984375,
            "max": 17.6907958984375,
            "count": 1
        },
        "EatFood.Policy.ExtrinsicValueEstimate.sum": {
            "value": 27845.3125,
            "min": 27845.3125,
            "max": 27845.3125,
            "count": 1
        },
        "EatFood.Environment.CumulativeReward.mean": {
            "value": 533.0946029358978,
            "min": 533.0946029358978,
            "max": 533.0946029358978,
            "count": 1
        },
        "EatFood.Environment.CumulativeReward.sum": {
            "value": 12261.17586752565,
            "min": 12261.17586752565,
            "max": 12261.17586752565,
            "count": 1
        },
        "EatFood.Policy.ExtrinsicReward.mean": {
            "value": 533.0946029358978,
            "min": 533.0946029358978,
            "max": 533.0946029358978,
            "count": 1
        },
        "EatFood.Policy.ExtrinsicReward.sum": {
            "value": 12261.17586752565,
            "min": 12261.17586752565,
            "max": 12261.17586752565,
            "count": 1
        },
        "EatFood.Losses.PolicyLoss.mean": {
            "value": 0.02538465999704958,
            "min": 0.02538465999704958,
            "max": 0.02538465999704958,
            "count": 1
        },
        "EatFood.Losses.PolicyLoss.sum": {
            "value": 0.22846193997344622,
            "min": 0.22846193997344622,
            "max": 0.22846193997344622,
            "count": 1
        },
        "EatFood.Losses.ValueLoss.mean": {
            "value": 4033.5549517031063,
            "min": 4033.5549517031063,
            "max": 4033.5549517031063,
            "count": 1
        },
        "EatFood.Losses.ValueLoss.sum": {
            "value": 36301.99456532796,
            "min": 36301.99456532796,
            "max": 36301.99456532796,
            "count": 1
        },
        "EatFood.Policy.LearningRate.mean": {
            "value": 0.0002845448384850555,
            "min": 0.0002845448384850555,
            "max": 0.0002845448384850555,
            "count": 1
        },
        "EatFood.Policy.LearningRate.sum": {
            "value": 0.0025609035463654995,
            "min": 0.0025609035463654995,
            "max": 0.0025609035463654995,
            "count": 1
        },
        "EatFood.Policy.Epsilon.mean": {
            "value": 0.1948482777777778,
            "min": 0.1948482777777778,
            "max": 0.1948482777777778,
            "count": 1
        },
        "EatFood.Policy.Epsilon.sum": {
            "value": 1.7536345000000002,
            "min": 1.7536345000000002,
            "max": 1.7536345000000002,
            "count": 1
        },
        "EatFood.Policy.Beta.mean": {
            "value": 0.004742929061111112,
            "min": 0.004742929061111112,
            "max": 0.004742929061111112,
            "count": 1
        },
        "EatFood.Policy.Beta.sum": {
            "value": 0.04268636155,
            "min": 0.04268636155,
            "max": 0.04268636155,
            "count": 1
        },
        "EatFood.IsTraining.mean": {
            "value": 1.0,
            "min": 1.0,
            "max": 1.0,
            "count": 1
        },
        "EatFood.IsTraining.sum": {
            "value": 1.0,
            "min": 1.0,
            "max": 1.0,
            "count": 1
        }
    },
    "metadata": {
        "timer_format_version": "0.1.0",
        "start_time_seconds": "1641644787",
        "python_version": "3.9.6 (tags/v3.9.6:db3ff76, Jun 28 2021, 15:26:21) [MSC v.1929 64 bit (AMD64)]",
        "command_line_arguments": "C:\\unityProjects\\AI_cell_battle\\venv\\Scripts\\mlagents-learn ai_configs\\configuration.yaml --force",
        "mlagents_version": "0.27.0",
        "mlagents_envs_version": "0.27.0",
        "communication_protocol_version": "1.5.0",
        "pytorch_version": "1.7.1+cu110",
        "numpy_version": "1.21.5",
        "end_time_seconds": "1641644903"
    },
    "total": 116.1526773,
    "count": 1,
    "self": 0.009016499999987104,
    "children": {
        "run_training.setup": {
            "total": 0.11604329999999985,
            "count": 1,
            "self": 0.11604329999999985
        },
        "TrainerController.start_learning": {
            "total": 116.0276175,
            "count": 1,
            "self": 0.03564200000015205,
            "children": {
                "TrainerController._reset_env": {
                    "total": 21.8074868,
                    "count": 1,
                    "self": 21.8074868
                },
                "TrainerController.advance": {
                    "total": 93.99021289999988,
                    "count": 1584,
                    "self": 0.04489520000019809,
                    "children": {
                        "env_step": {
                            "total": 52.6735912999997,
                            "count": 1584,
                            "self": 44.53078209999943,
                            "children": {
                                "SubprocessEnvManager._take_step": {
                                    "total": 8.120935400000352,
                                    "count": 1584,
                                    "self": 0.3238680000004379,
                                    "children": {
                                        "TorchPolicy.evaluate": {
                                            "total": 7.797067399999914,
                                            "count": 3126,
                                            "self": 2.5798531999995333,
                                            "children": {
                                                "TorchPolicy.sample_actions": {
                                                    "total": 5.217214200000381,
                                                    "count": 3126,
                                                    "self": 5.217214200000381
                                                }
                                            }
                                        }
                                    }
                                },
                                "workers": {
                                    "total": 0.021873799999916343,
                                    "count": 1583,
                                    "self": 0.0,
                                    "children": {
                                        "worker_root": {
                                            "total": 95.33506640000002,
                                            "count": 1583,
                                            "is_parallel": true,
                                            "self": 57.10255860000005,