{
    "name": "root",
    "metadata": {
        "timer_format_version": "0.1.0",
        "start_time_seconds": "1641624336",
        "python_version": "3.9.6 (tags/v3.9.6:db3ff76, Jun 28 2021, 15:26:21) [MSC v.1929 64 bit (AMD64)]",
        "command_line_arguments": "C:\\unityProjects\\AI_cell_battle\\venv\\Scripts\\mlagents-learn --force",
        "mlagents_version": "0.27.0",
        "mlagents_envs_version": "0.27.0",
        "communication_protocol_version": "1.5.0",
        "pytorch_version": "1.7.1+cu110",
        "numpy_version": "1.21.5",
        "end_time_seconds": "1641624372"
    },
    "total": 36.7154377,
    "count": 1,
    "self": 0.006518500000005645,
    "children": {
        "run_training.setup": {
            "total": 0.1558885000000001,
            "count": 1,
            "self": 0.1558885000000001
        },
        "TrainerController.start_learning": {
            "total": 36.553030699999994,
            "count": 1,
            "self": 0.01624840000009442,
            "children": {
                "TrainerController._reset_env": {
                    "total": 10.286086599999999,
                    "count": 1,
                    "self": 10.286086599999999
                },
                "TrainerController.advance": {
                    "total": 26.1527153999999,
                    "count": 830,
                    "self": 0.016101299999945695,
                    "children": {
                        "env_step": {
                            "total": 18.44423059999992,
                            "count": 830,
                            "self": 15.66666019999982,
                            "children": {
                                "SubprocessEnvManager._take_step": {
                                    "total": 2.7664802999999996,
                                    "count": 830,
                                    "self": 0.07659200000002997,
                                    "children": {
                                        "TorchPolicy.evaluate": {
                                            "total": 2.6898882999999696,
                                            "count": 828,
                                            "self": 0.9331811999999928,
                                            "children": {
                                                "TorchPolicy.sample_actions": {
                                                    "total": 1.7567070999999768,
                                                    "count": 828,
                                                    "self": 1.7567070999999768
                                                }
                                            }
                                        }
                                    }
                                },
                                "workers": {
                                    "total": 0.011090100000100023,
                                    "count": 829,
                                    "self": 0.0,
                                    "children": {
                                        "worker_root": {
                                            "total": 25.246820600000024,
                                            "count": 829,
                                            "is_parallel": true,
                                            "self": 13.732131400000071,
                                            "children": {
                                                "steps_from_proto": {
                                                    "total": 0.0010811999999997823,
                                                    "count": 1,
                                                    "is_parallel": true,
                                                    "self": 0.00016880000000085715,
                                                    "children": {
                                                        "_process_rank_one_or_two_observation": {
                                                            "total": 0.0009123999999989252,
                                                            "count": 4,
                                                            "is_parallel": true,
                                                            "self": 0.0009123999999989252
                                                        }
                                                    }
                                                },
                                                "UnityEnvironment.step": {
                                                    "total": 11.513607999999953,
                                                    "count": 829,
                                                    "is_parallel": true,
                                                    "self": 0.4354256000000163,
                                                    "children": {
                                                        "UnityEnvironment._generate_step_input": {
                                                            "total": 0.5169893999999715,
                                                            "count": 829,
                                                            "is_parallel": true,
                                                            "self": 0.5169893999999715
                                                        },
                                                        "communicator.exchange": {
                                                            "total": 9.72202009999995,
                                                            "count": 829,
                                                            "is_parallel": true,
                                                            "self": 9.72202009999995
                                                        },
                                                        "steps_from_proto": {
                                                            "total": 0.8391729000000154,
                                                            "count": 829,
                                                            "is_parallel": true,
                                                            "self": 0.13659790000007987,
                                                            "children": {
                                                                "_process_rank_one_or_two_observation": {
                                                                    "total": 0.7025749999999356,
                                                                    "count": 3316,
                                                                    "is_parallel": true,
                                                                    "self": 0.7025749999999356
                                                                }
                                                            }
                                                        }
                                                    }
                                                }
                                            }
                                        }
                                    }
                                }
                            }
                        },
                        "trainer_advance": {
                            "total": 7.692383500000032,
                            "count": 829,
                            "self": 0.01877330000004207,
                            "children": {
                                "process_trajectory": {
                                    "total": 2.2128818999999904,
                                    "count": 829,
                                    "self": 2.2128818999999904
                                },
                                "_update_policy": {
                                    "total": 5.4607282999999995,