{
    "name": "root",
    "gauges": {
        "EatFood.Policy.Entropy.mean": {
            "value": 1.4171010255813599,
            "min": 1.4171010255813599,
            "max": 1.4188107252120972,
            "count": 2
        },
        "EatFood.Policy.Entropy.sum": {
            "value": 71779.0,
            "min": 71779.0,
            "max": 73277.3203125,
            "count": 2
        },
        "EatFood.Step.mean": {
            "value": 99979.0,
            "min": 49995.0,
            "max": 99979.0,
            "count": 2
        },
        "EatFood.Step.sum": {
            "value": 99979.0,
            "min": 49995.0,
            "max": 99979.0,
            "count": 2
        },
        "EatFood.Policy.ExtrinsicValueEstimate.mean": {
            "value": 167.4896697998047,
            "min": 51.105567932128906,
            "max": 167.4896697998047,
            "count": 2
        },
        "EatFood.Policy.ExtrinsicValueEstimate.sum": {
            "value": 133321.78125,
            "min": 40628.92578125,
            "max": 133321.78125,
            "count": 2
        },
        "EatFood.Policy.GailValueEstimate.mean": {
            "value": 5.813271522521973,
            "min": 4.451284885406494,
            "max": 5.813271522521973,
            "count": 2
        },
        "EatFood.Policy.GailValueEstimate.sum": {
            "value": 4627.3642578125,
            "min": 3538.771484375,
            "max": 4627.3642578125,
            "count": 2
        },
        "EatFood.Environment.EpisodeLength.mean": {
            "value": 624.0,
            "min": 624.0,
            "max": 624.0,
            "count": 2
        },
        "EatFood.Environment.EpisodeLength.sum": {
            "value": 39936.0,
            "min": 36816.0,
            "max": 39936.0,
            "count": 2
        },
        "EatFood.Environment.CumulativeReward.mean": {
            "value": 3071.330676814774,
            "min": 3071.330676814774,
            "max": 4074.3270561994386,
            "count": 2
        },
        "EatFood.Environment.CumulativeReward.sum": {
            "value": 196565.16331614554,
            "min": 196565.16331614554,
            "max": 240385.29631576687,
            "count": 2
        },
        "EatFood.Policy.ExtrinsicReward.mean": {
            "value": 3071.330676814774,
            "min": 3071.330676814774,
            "max": 4074.3270561994386,
            "count": 2
        },
        "EatFood.Policy.ExtrinsicReward.sum": {
            "value": 196565.16331614554,
            "min": 196565.16331614554,
            "max": 240385.29631576687,
            "count": 2
        },
        "EatFood.Policy.GailReward.mean": {
            "value": 57.46888053230941,
            "min": 57.46888053230941,
            "max": 68.40722735358749,
            "count": 2
        },
        "EatFood.Policy.GailReward.sum": {
            "value": 3678.0083540678024,
            "min": 3678.0083540678024,
            "max": 4036.026413861662,
            "count": 2
        },
        "EatFood.Losses.PolicyLoss.mean": {
            "value": 0.0263884811848402,
            "min": 0.024869533787326266,
            "max": 0.0263884811848402,
            "count": 2
        },
        "EatFood.Losses.PolicyLoss.sum": {
            "value": 0.131942405924201,
            "min": 0.09947813514930506,
            "max": 0.131942405924201,
            "count": 2
        },
        "EatFood.Losses.ValueLoss.mean": {
            "value": 36136.00850260416,
            "min": 36136.00850260416,
            "max": 81270.1235555013,
            "count": 2
        },
        "EatFood.Losses.ValueLoss.sum": {
            "value": 180680.04251302083,
            "min": 180680.04251302083,
            "max": 325080.4942220052,
            "count": 2
        },
        "EatFood.Policy.LearningRate.mean": {
            "value": 0.00025677169440944004,
            "min": 0.00025677169440944004,
            "max": 0.0002845927551357499,
            "count": 2
        },
        "EatFood.Policy.LearningRate.sum": {
            "value": 0.0012838584720472,
            "min": 0.0011383710205429996,
            "max": 0.0012838584720472,
            "count": 2
        },
        "EatFood.Policy.Epsilon.mean": {
            "value": 0.18559056000000002,
            "min": 0.18559056000000002,
            "max": 0.19486425000000002,
            "count": 2
        },
        "EatFood.Policy.Epsilon.sum": {
            "value": 0.9279528000000001,
            "min": 0.7794570000000001,
            "max": 0.9279528000000001,
            "count": 2
        },
        "EatFood.Policy.Beta.mean": {
            "value": 0.004280968943999998,
            "min": 0.004280968943999998,
            "max": 0.004743726075,
            "count": 2
        },
        "EatFood.Policy.Beta.sum": {
            "value": 0.021404844719999993,
            "min": 0.0189749043,
            "max": 0.021404844719999993,
            "count": 2
        },
        "EatFood.Policy.GAILPolicyEstimate.mean": {
            "value": 0.30380730728308364,
            "min": 0.30380730728308364,
            "max": 0.32313512687881785,
            "count": 2
        },
        "EatFood.Policy.GAILPolicyEstimate.sum": {
            "value": 1.5190365364154181,
            "min": 1.2925405075152714,
            "max": 1.5190365364154181,
            "count": 2
        },
        "EatFood.Policy.GAILExpertEstimate.mean": {
            "value": 0.7686824293931325,
            "min": 0.6694508130351703,
            "max": 0.7686824293931325,
            "count": 2
        },
        "EatFood.Policy.GAILExpertEstimate.sum": {
            "value": 3.8434121469656626,
            "min": 2.677803252140681,
            "max": 3.8434121469656626,
            "count": 2
        },
        "EatFood.Losses.GAILLoss.mean": {
            "value": 0.6747329143683116,
            "min": 0.6747329143683116,
            "max": 0.8562938461701075,
            "count": 2
        },
        "EatFood.Losses.GAILLoss.sum": {
            "value": 3.373664571841558,
            "min": 3.373664571841558,
            "max": 3.42517538468043,
            "count": 2
        },
        "EatFood.Policy.GAILGradMagLoss.mean": {
            "value": 0.3223422050476074,
            "min": 0.3223422050476074,
            "max": 5.223306720455488,
            "count": 2
        },
        "EatFood.Policy.GAILGradMagLoss.sum": {
            "value": 1.611711025238037,
            "min": 1.611711025238037,
            "max": 20.893226881821953,
            "count": 2
        },
        "EatFood.IsTraining.mean": {
            "value": 1.0,
            "min": 1.0,
            "max": 1.0,
            "count": 2
        },
        "EatFood.IsTraining.sum": {
            "value": 1.0,
            "min": 1.0,
            "max": 1.0,
            "count": 2
        }
    },
    "metadata": {
        "timer_format_version": "0.1.0",
        "start_time_seconds": "1641636685",
        "python_version": "3.9.6 (tags/v3.9.6:db3ff76, Jun 28 2021, 15:26:21) [MSC v.1929 64 bit (AMD64)]",
        "command_line_arguments": "C:\\unityProjects\\AI_cell_battle\\venv\\Scripts\\mlagents-learn ai_configs\\configuration.yaml --force",
        "mlagents_version": "0.27.0",
        "mlagents_envs_version": "0.27.0",
        "communication_protocol_version": "1.5.0",
        "pytorch_version": "1.7.1+cu110",
        "numpy_version": "1.21.5",
        "end_time_seconds": "1641636838"
    },
    "total": 152.9503683,
    "count": 1,
    "self": 0.009901399999989735,
    "children": {
        "run_training.setup": {
            "total": 0.12044750000000004,
            "count": 1,
            "self": 0.12044750000000004
        },
        "TrainerController.start_learning": {
            "total": 152.8200194,
            "count": 1,
            "self": 0.10029089999991925,