{
    "name": "root",
    "gauges": {
        "EatPrey.Policy.Entropy.mean": {
            "value": 1.436924695968628,
            "min": 1.4205201864242554,
            "max": 1.436924695968628,
            "count": 3
        },
        "EatPrey.Policy.Entropy.sum": {
            "value": 143563.140625,
            "min": 113187.046875,
            "max": 143563.140625,
            "count": 3
        },
        "EatPrey.Step.mean": {
            "value": 499942.0,
            "min": 299994.0,
            "max": 499942.0,
            "count": 3
        },
        "EatPrey.Step.sum": {
            "value": 499942.0,
            "min": 299994.0,
            "max": 499942.0,
            "count": 3
        },
        "EatPrey.Policy.ExtrinsicValueEstimate.mean": {
            "value": 0.5218876004219055,
            "min": 0.5218876004219055,
            "max": 6.049892902374268,
            "count": 3
        },
        "EatPrey.Policy.ExtrinsicValueEstimate.sum": {
            "value": 818.3197631835938,
            "min": 818.3197631835938,
            "max": 7520.0166015625,
            "count": 3
        },
        "EatPrey.Losses.PolicyLoss.mean": {
            "value": 0.023134516797856323,
            "min": 0.023134516797856323,
            "max": 0.025096008602884554,
            "count": 3
        },
        "EatPrey.Losses.PolicyLoss.sum": {
            "value": 0.20821065118070692,
            "min": 0.17567206022019188,
            "max": 0.24461170465219767,
            "count": 3
        },
        "EatPrey.Losses.ValueLoss.mean": {
            "value": 6.000333056626497,
            "min": 6.000333056626497,
            "max": 172.98636819748648,
            "count": 3
        },
        "EatPrey.Losses.ValueLoss.sum": {
            "value": 54.00299750963847,
            "min": 54.00299750963847,
            "max": 1210.9045773824055,
            "count": 3
        },
        "EatPrey.Policy.LearningRate.mean": {
            "value": 0.00016475321174894446,
            "min": 0.00016475321174894446,
            "max": 0.00022075579784331428,
            "count": 3
        },
        "EatPrey.Policy.LearningRate.sum": {
            "value": 0.0014827789057405,
            "min": 0.0014827789057405,
            "max": 0.0019411482529506998,
            "count": 3
        },
        "EatPrey.Policy.Epsilon.mean": {
            "value": 0.15491772222222225,
            "min": 0.15491772222222225,
            "max": 0.1735852571428571,
            "count": 3
        },
        "EatPrey.Policy.Epsilon.sum": {
            "value": 1.3942595000000002,
            "min": 1.2150967999999998,
            "max": 1.6470493000000002,
            "count": 3
        },
        "EatPrey.Policy.Beta.mean": {
            "value": 0.0027503943388888894,
            "min": 0.0027503943388888894,
            "max": 0.0036819043314285705,
            "count": 3
        },
        "EatPrey.Policy.Beta.sum": {
            "value": 0.024753549050000004,
            "min": 0.024753549050000004,
            "max": 0.03238776007,
            "count": 3
        },
        "EatPrey.Environment.EpisodeLength.mean": {
            "value": 7807.2,
            "min": 7453.7,
            "max": 8108.8,
            "count": 3
        },
        "EatPrey.Environment.EpisodeLength.sum": {
            "value": 78072.0,
            "min": 74537.0,
            "max": 81088.0,
            "count": 3
        },
        "EatPrey.Environment.CumulativeReward.mean": {
            "value": 29.412482099042972,
            "min": -27.995469020251768,
            "max": 73.50031443886546,
            "count": 3
        },
        "EatPrey.Environment.CumulativeReward.sum": {
            "value": 294.1248209904297,
            "min": -279.95469020251767,
            "max": 735.0031443886546,
            "count": 3
        },
        "EatPrey.Policy.ExtrinsicReward.mean": {
            "value": 29.412482099042972,
            "min": -27.995469020251768,
            "max": 73.50031443886546,
            "count": 3
        },
        "EatPrey.Policy.ExtrinsicReward.sum": {
            "value": 294.1248209904297,
            "min": -279.95469020251767,
            "max": 735.0031443886546,
            "count": 3
        },
        "EatPrey.IsTraining.mean": {
            "value": 1.0,
            "min": 1.0,
            "max": 1.0,
            "count": 3
        },
        "EatPrey.IsTraining.sum": {
            "value": 1.0,
            "min": 1.0,
            "max": 1.0,
            "count": 3
        }
    },
    "metadata": {
        "timer_format_version": "0.1.0",
        "start_time_seconds": "1641661352",
        "python_version": "3.9.6 (tags/v3.9.6:db3ff76, Jun 28 2021, 15:26:21) [MSC v.1929 64 bit (AMD64)]",
        "command_line_arguments": "C:\\unityProjects\\AI_cell_battle\\venv\\Scripts\\mlagents-learn ai_configs\\configuration.yaml --resume",
        "mlagents_version": "0.27.0",
        "mlagents_envs_version": "0.27.0",
        "communication_protocol_version": "1.5.0",
        "pytorch_version": "1.7.1+cu110",
        "numpy_version": "1.21.5",
        "end_time_seconds": "1641661870"
    },
    "total": 517.4910885,
    "count": 1,
    "self": 0.008594800000082614,
    "children": {
        "run_training.setup": {
            "total": 0.12803410000000004,
            "count": 1,
            "self": 0.12803410000000004
        },
        "TrainerController.start_learning": {
            "total": 517.3544595999999,
            "count": 1,
            "self": 0.8157145999981594,
            "children": {
                "TrainerController._reset_env": {
                    "total": 12.2122766,
                    "count": 1,
                    "self": 12.2122766
                },
                "TrainerController.advance": {
                    "total": 504.25772150000176,
                    "count": 37484,
                    "self": 0.7089166000023965,
                    "children": {
                        "env_step": {
                            "total": 363.50491689999734,
                            "count": 37484,
                            "self": 259.090075699991,
                            "children": {
                                "SubprocessEnvManager._take_step": {
                                    "total": 103.88742040000622,
                                    "count": 37484,
                                    "self": 3.193671700009105,
                                    "children": {
                                        "TorchPolicy.evaluate": {
                                            "total": 100.69374869999712,
                                            "count": 37484,
                                            "self": 48.590447599999834,
                                            "children": {
                                                "TorchPolicy.sample_actions": {
                                                    "total": 52.10330109999728,
                                                    "count": 37484,
                                                    "self": 52.10330109999728
                                                }
                                            }
                                        }
                                    }
                                },
                                "workers": {
                                    "total": 0.5274208000000975,
                                    "count": 37483,
                                    "self": 0.0,
                                    "children": {
                                        "worker_root": {
                                            "total": 505.1969786999998,
                                            "count": 37483,
                                            "is_parallel": true,
                                            "self": 300.5278055000043,